{
  "games": [
    {
      "id": "b03b",
      "title": "Battlefield 2042",
      "genre": "Casual, Shooter, Adventure, Action",
      "platform": "PC, PlayStation 5, Xbox One, PlayStation 4, Xbox Series S/X",
      "date": "2025-05-15",
      "rating": "2",
      "comment": "",
      "image": "https://media.rawg.io/media/games/af2/af2b640fa820e8a8135948a4cd399539.jpg"
    },
    {
      "id": "9164",
      "title": "EA SPORTS FC 24",
      "genre": "Casual, Simulation, Sports",
      "platform": "PC, PlayStation 5, PlayStation 4, Xbox Series S/X, Nintendo Switch",
      "date": "2025-05-07",
      "rating": "5",
      "comment": "",
      "image": "https://media.rawg.io/media/games/104/10404407d458d90f4559a1f587c2650a.jpg"
    },
    {
      "id": "f21e",
      "title": "Project-Andr-34",
      "genre": "Platformer",
      "platform": "PC",
      "date": "0005-03-04",
      "rating": "5",
      "comment": "",
      "image": "https://media.rawg.io/media/screenshots/bce/bcee1c9e3b755db1989139445231dd86.jpg"
    },
    {
      "id": "aa39",
      "title": "Elevator (GRF LAB STUDIO)",
      "genre": "Strategy, Puzzle",
      "platform": "Android",
      "date": "2025-05-21",
      "rating": "3",
      "comment": "",
      "image": "https://media.rawg.io/media/screenshots/90e/90ed0cd16bdcfd67f175d32d0e11f1b4.jpg"
    }
  ]
}